-1,0.0,0.0,-0.20444444444444446,-0.022222222222222223,-0.39555555555555555,-0.08444444444444445,-0.5511111111111111,-0.09777777777777778,-0.6844444444444444,-0.08444444444444445,-0.3244444444444444,-0.4577777777777778,-0.44,-0.6355555555555555,-0.5111111111111111,-0.7422222222222222,-0.5688888888888889,-0.8266666666666667,-0.2088888888888889,-0.5155555555555555,-0.27111111111111114,-0.7377777777777778,-0.30666666666666664,-0.8755555555555555,-0.3333333333333333,-0.9866666666666667,-0.07555555555555556,-0.52,-0.08888888888888889,-0.7511111111111111,-0.09333333333333334,-0.8844444444444445,-0.09777777777777778,-1.0,0.057777777777777775,-0.47555555555555556,0.1111111111111111,-0.6488888888888888,0.14222222222222222,-0.7644444444444445,0.16444444444444445,-0.8711111111111111,0.0,0.0,0.0,0.0,0.0,0.0,0.0,0.0,0.0,0.0,0.0,0.0,0.0,0.0,0.0,0.0,0.0,0.0,0.0,0.0,0.0,0.0,0.0,0.0,0.0,0.0,0.0,0.0,0.0,0.0,0.0,0.0
-1,0.0,0.0,-0.20982142857142858,-0.026785714285714284,-0.41517857142857145,-0.09375,-0.5803571428571429,-0.11160714285714286,-0.7098214285714286,-0.09821428571428571,-0.35714285714285715,-0.45535714285714285,-0.48214285714285715,-0.6160714285714286,-0.5535714285714286,-0.71875,-0.6071428571428571,-0.8080357142857143,-0.24553571428571427,-0.5178571428571429,-0.32142857142857145,-0.7410714285714286,-0.36607142857142855,-0.8705357142857143,-0.39732142857142855,-0.96875,-0.12053571428571429,-0.5357142857142857,-0.14732142857142858,-0.75,-0.16964285714285715,-0.8883928571428571,-0.18303571428571427,-1.0,0.0,-0.5044642857142857,0.044642857142857144,-0.6741071428571429,0.07142857142857142,-0.7901785714285714,0.09821428571428571,-0.8928571428571429,0.0,0.0,0.0,0.0,0.0,0.0,0.0,0.0,0.0,0.0,0.0,0.0,0.0,0.0,0.0,0.0,0.0,0.0,0.0,0.0,0.0,0.0,0.0,0.0,0.0,0.0,0.0,0.0,0.0,0.0,0.0,0.0
-1,0.0,0.0,-0.22119815668202766,-0.02304147465437788,-0.41935483870967744,-0.06912442396313365,-0.5852534562211982,-0.08755760368663594,-0.7096774193548387,-0.06451612903225806,-0.3640552995391705,-0.4470046082949309,-0.4930875576036866,-0.6129032258064516,-0.5668202764976958,-0.7096774193548387,-0.6267281105990783,-0.7926267281105991,-0.2534562211981567,-0.5161290322580645,-0.3317972350230415,-0.7419354838709677,-0.3824884792626728,-0.8709677419354839,-0.423963133640553,-0.9723502304147466,-0.1336405529953917,-0.5345622119815668,-0.16129032258064516,-0.7511520737327189,-0.18433179723502305,-0.8894009216589862,-0.2073732718894009,-1.0,-0.009216589861751152,-0.511520737327189,0.027649769585253458,-0.6820276497695853,0.055299539170506916,-0.7926267281105991,0.07373271889400922,-0.8940092165898618,0.0,0.0,0.0,0.0,0.0,0.0,0.0,0.0,0.0,0.0,0.0,0.0,0.0,0.0,0.0,0.0,0.0,0.0,0.0,0.0,0.0,0.0,0.0,0.0,0.0,0.0,0.0,0.0,0.0,0.0,0.0,0.0
-1,0.0,0.0,-0.22748815165876776,-0.018957345971563982,-0.4312796208530806,-0.07109004739336493,-0.6018957345971564,-0.08056872037914692,-0.7345971563981043,-0.05687203791469194,-0.3696682464454976,-0.44549763033175355,-0.5023696682464455,-0.6066350710900474,-0.5781990521327014,-0.7061611374407583,-0.6398104265402843,-0.7867298578199052,-0.26066350710900477,-0.5165876777251185,-0.3459715639810427,-0.7345971563981043,-0.3981042654028436,-0.8672985781990521,-0.44075829383886256,-0.9715639810426541,-0.13744075829383887,-0.5402843601895735,-0.17535545023696683,-0.7535545023696683,-0.1990521327014218,-0.8862559241706162,-0.22274881516587677,-1.0,-0.009478672985781991,-0.5165876777251185,0.023696682464454975,-0.6872037914691943,0.04739336492890995,-0.8009478672985783,0.07109004739336493,-0.9004739336492891,0.0,0.0,0.0,0.0,0.0,0.0,0.0,0.0,0.0,0.0,0.0,0.0,0.0,0.0,0.0,0.0,0.0,0.0,0.0,0.0,0.0,0.0,0.0,0.0,0.0,0.0,0.0,0.0,0.0,0.0,0.0,0.0
-1,0.0,0.0,-0.22274881516587677,-0.023696682464454975,-0.4265402843601896,-0.07582938388625593,-0.5924170616113744,-0.08530805687203792,-0.7298578199052133,-0.06635071090047394,-0.3696682464454976,-0.45023696682464454,-0.5023696682464455,-0.6113744075829384,-0.5781990521327014,-0.7109004739336493,-0.6398104265402843,-0.7962085308056872,-0.26066350710900477,-0.5213270142180095,-0.3459715639810427,-0.7393364928909952,-0.3933649289099526,-0.8720379146919431,-0.4312796208530806,-0.976303317535545,-0.13744075829383887,-0.5402843601895735,-0.18009478672985782,-0.7535545023696683,-0.2037914691943128,-0.8909952606635071,-0.22748815165876776,-1.0,-0.009478672985781991,-0.5165876777251185,0.023696682464454975,-0.6872037914691943,0.052132701421800945,-0.7962085308056872,0.07109004739336493,-0.8957345971563981,0.0,0.0,0.0,0.0,0.0,0.0,0.0,0.0,0.0,0.0,0.0,0.0,0.0,0.0,0.0,0.0,0.0,0.0,0.0,0.0,0.0,0.0,0.0,0.0,0.0,0.0,0.0,0.0,0.0,0.0,0.0,0.0
-1,0.0,0.0,-0.22857142857142856,-0.023809523809523808,-0.42857142857142855,-0.07142857142857142,-0.5952380952380952,-0.08571428571428572,-0.7285714285714285,-0.06666666666666667,-0.36666666666666664,-0.44761904761904764,-0.5,-0.6095238095238096,-0.580952380952381,-0.7095238095238096,-0.6428571428571429,-0.7904761904761904,-0.2571428571428571,-0.5190476190476191,-0.34285714285714286,-0.7428571428571429,-0.4,-0.8761904761904762,-0.44285714285714284,-0.9809523809523809,-0.1380952380952381,-0.5428571428571428,-0.1761904761904762,-0.7571428571428571,-0.2,-0.8904761904761904,-0.22857142857142856,-1.0,-0.009523809523809525,-0.5190476190476191,0.023809523809523808,-0.6904761904761905,0.05238095238095238,-0.8047619047619048,0.07142857142857142,-0.9047619047619048,0.0,0.0,0.0,0.0,0.0,0.0,0.0,0.0,0.0,0.0,0.0,0.0,0.0,0.0,0.0,0.0,0.0,0.0,0.0,0.0,0.0,0.0,0.0,0.0,0.0,0.0,0.0,0.0,0.0,0.0,0.0,0.0
-1,0.0,0.0,-0.22535211267605634,-0.023474178403755867,-0.4225352112676056,-0.06572769953051644,-0.5868544600938967,-0.08450704225352113,-0.7230046948356808,-0.06572769953051644,-0.3615023474178404,-0.4507042253521127,-0.49295774647887325,-0.6103286384976526,-0.5774647887323944,-0.7089201877934272,-0.6384976525821596,-0.7887323943661971,-0.2535211267605634,-0.5211267605633803,-0.3427230046948357,-0.7417840375586855,-0.39906103286384975,-0.8732394366197183,-0.4413145539906103,-0.9765258215962441,-0.13145539906103287,-0.539906103286385,-0.17370892018779344,-0.755868544600939,-0.20187793427230047,-0.8873239436619719,-0.22535211267605634,-1.0,-0.004694835680751174,-0.5164319248826291,0.028169014084507043,-0.6854460093896714,0.051643192488262914,-0.8028169014084507,0.07042253521126761,-0.9061032863849765,0.0,0.0,0.0,0.0,0.0,0.0,0.0,0.0,0.0,0.0,0.0,0.0,0.0,0.0,0.0,0.0,0.0,0.0,0.0,0.0,0.0,0.0,0.0,0.0,0.0,0.0,0.0,0.0,0.0,0.0,0.0,0.0
-1,0.0,0.0,-0.22535211267605634,-0.014084507042253521,-0.431924882629108,-0.06572769953051644,-0.596244131455399,-0.07981220657276995,-0.7323943661971831,-0.06103286384976526,-0.37089201877934275,-0.4460093896713615,-0.5023474178403756,-0.6056338028169014,-0.5868544600938967,-0.704225352112676,-0.6525821596244131,-0.784037558685446,-0.26291079812206575,-0.5164319248826291,-0.3474178403755869,-0.7370892018779343,-0.4084507042253521,-0.8685446009389671,-0.45539906103286387,-0.971830985915493,-0.14084507042253522,-0.5352112676056338,-0.18309859154929578,-0.7511737089201878,-0.215962441314554,-0.8873239436619719,-0.24413145539906103,-1.0,-0.018779342723004695,-0.5117370892018779,0.018779342723004695,-0.6807511737089202,0.04225352112676056,-0.7981220657276995,0.06103286384976526,-0.9014084507042254,0.0,0.0,0.0,0.0,0.0,0.0,0.0,0.0,0.0,0.0,0.0,0.0,0.0,0.0,0.0,0.0,0.0,0.0,0.0,0.0,0.0,0.0,0.0,0.0,0.0,0.0,0.0,0.0,0.0,0.0,0.0,0.0
-1,0.0,0.0,-0.22274881516587677,-0.018957345971563982,-0.4265402843601896,-0.06635071090047394,-0.5924170616113744,-0.08056872037914692,-0.7251184834123223,-0.061611374407582936,-0.36492890995260663,-0.44549763033175355,-0.5023696682464455,-0.6066350710900474,-0.5829383886255924,-0.7061611374407583,-0.6492890995260664,-0.7867298578199052,-0.2559241706161137,-0.5165876777251185,-0.3459715639810427,-0.7393364928909952,-0.4075829383886256,-0.8720379146919431,-0.4549763033175355,-0.976303317535545,-0.13744075829383887,-0.5355450236966824,-0.1848341232227488,-0.7582938388625592,-0.21800947867298578,-0.8909952606635071,-0.25118483412322273,-1.0,-0.009478672985781991,-0.5165876777251185,0.023696682464454975,-0.6919431279620853,0.04739336492890995,-0.8056872037914692,0.06635071090047394,-0.909952606635071,0.0,0.0,0.0,0.0,0.0,0.0,0.0,0.0,0.0,0.0,0.0,0.0,0.0,0.0,0.0,0.0,0.0,0.0,0.0,0.0,0.0,0.0,0.0,0.0,0.0,0.0,0.0,0.0,0.0,0.0,0.0,0.0
-1,0.0,0.0,-0.22641509433962265,-0.018867924528301886,-0.42452830188679247,-0.0660377358490566,-0.589622641509434,-0.08018867924528301,-0.7264150943396226,-0.06132075471698113,-0.36792452830188677,-0.4481132075471698,-0.5,-0.6084905660377359,-0.5849056603773585,-0.7028301886792453,-0.6509433962264151,-0.7877358490566038,-0.25943396226415094,-0.5188679245283019,-0.3490566037735849,-0.7358490566037735,-0.41037735849056606,-0.8726415094339622,-0.45754716981132076,-0.9764150943396226,-0.13679245283018868,-0.5377358490566038,-0.18396226415094338,-0.7547169811320755,-0.22169811320754718,-0.8915094339622641,-0.25471698113207547,-1.0,-0.009433962264150943,-0.5141509433962265,0.02358490566037736,-0.6839622641509434,0.04716981132075472,-0.8018867924528302,0.06132075471698113,-0.9056603773584906,0.0,0.0,0.0,0.0,0.0,0.0,0.0,0.0,0.0,0.0,0.0,0.0,0.0,0.0,0.0,0.0,0.0,0.0,0.0,0.0,0.0,0.0,0.0,0.0,0.0,0.0,0.0,0.0,0.0,0.0,0.0,0.0
-1,0.0,0.0,-0.22429906542056074,-0.02336448598130841,-0.4252336448598131,-0.07476635514018691,-0.5887850467289719,-0.08878504672897196,-0.7289719626168224,-0.07009345794392523,-0.3691588785046729,-0.4485981308411215,-0.5046728971962616,-0.6074766355140186,-0.5887850467289719,-0.705607476635514,-0.6588785046728972,-0.7897196261682243,-0.2616822429906542,-0.5186915887850467,-0.35514018691588783,-0.7336448598130841,-0.4158878504672897,-0.8738317757009346,-0.46261682242990654,-0.9766355140186916,-0.14018691588785046,-0.5373831775700935,-0.19158878504672897,-0.7523364485981309,-0.22897196261682243,-0.8878504672897196,-0.2616822429906542,-1.0,-0.014018691588785047,-0.5093457943925234,0.014018691588785047,-0.6822429906542056,0.037383177570093455,-0.7990654205607477,0.0514018691588785,-0.9018691588785047,0.0,0.0,0.0,0.0,0.0,0.0,0.0,0.0,0.0,0.0,0.0,0.0,0.0,0.0,0.0,0.0,0.0,0.0,0.0,0.0,0.0,0.0,0.0,0.0,0.0,0.0,0.0,0.0,0.0,0.0,0.0,0.0
-1,0.0,0.0,-0.22274881516587677,-0.018957345971563982,-0.4265402843601896,-0.061611374407582936,-0.5924170616113744,-0.07582938388625593,-0.7251184834123223,-0.05687203791469194,-0.36492890995260663,-0.44075829383886256,-0.5023696682464455,-0.6018957345971564,-0.5876777251184834,-0.7061611374407583,-0.6587677725118484,-0.7914691943127962,-0.26066350710900477,-0.5118483412322274,-0.35071090047393366,-0.7345971563981043,-0.4075829383886256,-0.8720379146919431,-0.4549763033175355,-0.985781990521327,-0.13744075829383887,-0.5308056872037915,-0.1848341232227488,-0.7488151658767772,-0.22274881516587677,-0.8862559241706162,-0.2559241706161137,-1.0,-0.004739336492890996,-0.5023696682464455,0.02843601895734597,-0.6824644549763034,0.05687203791469194,-0.8009478672985783,0.07109004739336493,-0.9052132701421801,0.0,0.0,0.0,0.0,0.0,0.0,0.0,0.0,0.0,0.0,0.0,0.0,0.0,0.0,0.0,0.0,0.0,0.0,0.0,0.0,0.0,0.0,0.0,0.0,0.0,0.0,0.0,0.0,0.0,0.0,0.0,0.0
-1,0.0,0.0,-0.22169811320754718,-0.018867924528301886,-0.42924528301886794,-0.07075471698113207,-0.5943396226415094,-0.08962264150943396,-0.7264150943396226,-0.07075471698113207,-0.37264150943396224,-0.4528301886792453,-0.5094339622641509,-0.6084905660377359,-0.589622641509434,-0.7075471698113207,-0.660377358490566,-0.7971698113207547,-0.2641509433962264,-0.5188679245283019,-0.35377358490566035,-0.7405660377358491,-0.41037735849056606,-0.8773584905660378,-0.46226415094339623,-0.9811320754716981,-0.14150943396226415,-0.5377358490566038,-0.18867924528301888,-0.7547169811320755,-0.22169811320754718,-0.8915094339622641,-0.25943396226415094,-1.0,-0.009433962264150943,-0.5141509433962265,0.02358490566037736,-0.6886792452830188,0.04716981132075472,-0.8018867924528302,0.0660377358490566,-0.9056603773584906,0.0,0.0,0.0,0.0,0.0,0.0,0.0,0.0,0.0,0.0,0.0,0.0,0.0,0.0,0.0,0.0,0.0,0.0,0.0,0.0,0.0,0.0,0.0,0.0,0.0,0.0,0.0,0.0,0.0,0.0,0.0,0.0
-1,0.0,0.0,-0.22380952380952382,-0.014285714285714285,-0.42857142857142855,-0.06666666666666667,-0.5952380952380952,-0.08095238095238096,-0.7285714285714285,-0.06190476190476191,-0.37142857142857144,-0.44761904761904764,-0.5095238095238095,-0.6095238095238096,-0.5904761904761905,-0.7095238095238096,-0.6571428571428571,-0.8,-0.2619047619047619,-0.5190476190476191,-0.3523809523809524,-0.7380952380952381,-0.4142857142857143,-0.8761904761904762,-0.46190476190476193,-0.9857142857142858,-0.1380952380952381,-0.5380952380952381,-0.19047619047619047,-0.7523809523809524,-0.22857142857142856,-0.8904761904761904,-0.2619047619047619,-1.0,-0.009523809523809525,-0.5142857142857142,0.023809523809523808,-0.6904761904761905,0.047619047619047616,-0.8047619047619048,0.06190476190476191,-0.9095238095238095,0.0,0.0,0.0,0.0,0.0,0.0,0.0,0.0,0.0,0.0,0.0,0.0,0.0,0.0,0.0,0.0,0.0,0.0,0.0,0.0,0.0,0.0,0.0,0.0,0.0,0.0,0.0,0.0,0.0,0.0,0.0,0.0
-1,0.0,0.0,-0.22065727699530516,-0.023474178403755867,-0.41784037558685444,-0.07511737089201878,-0.5774647887323944,-0.09389671361502347,-0.7136150234741784,-0.07511737089201878,-0.3568075117370892,-0.4507042253521127,-0.49295774647887325,-0.6103286384976526,-0.5774647887323944,-0.7089201877934272,-0.6431924882629108,-0.7981220657276995,-0.24882629107981222,-0.5164319248826291,-0.3380281690140845,-0.7370892018779343,-0.39906103286384975,-0.8779342723004695,-0.4507042253521127,-0.9859154929577465,-0.13145539906103287,-0.5352112676056338,-0.1784037558685446,-0.755868544600939,-0.215962441314554,-0.8873239436619719,-0.24882629107981222,-1.0,-0.004694835680751174,-0.5117370892018779,0.028169014084507043,-0.6854460093896714,0.056338028169014086,-0.8028169014084507,0.07511737089201878,-0.9061032863849765,0.0,0.0,0.0,0.0,0.0,0.0,0.0,0.0,0.0,0.0,0.0,0.0,0.0,0.0,0.0,0.0,0.0,0.0,0.0,0.0,0.0,0.0,0.0,0.0,0.0,0.0,0.0,0.0,0.0,0.0,0.0,0.0
3,0.0,0.0,-0.22274881516587677,-0.018957345971563982,-0.4218009478672986,-0.061611374407582936,-0.5829383886255924,-0.08056872037914692,-0.7203791469194313,-0.07109004739336493,-0.35545023696682465,-0.45023696682464454,-0.4976303317535545,-0.6066350710900474,-0.5829383886255924,-0.7061611374407583,-0.6540284360189573,-0.7914691943127962,-0.25118483412322273,-0.5165876777251185,-0.3459715639810427,-0.7345971563981043,-0.4075829383886256,-0.8720379146919431,-0.4597156398104265,-0.981042654028436,-0.13270142180094788,-0.5355450236966824,-0.18009478672985782,-0.7535545023696683,-0.21800947867298578,-0.8862559241706162,-0.2559241706161137,-1.0,-0.004739336492890996,-0.5071090047393365,0.03317535545023697,-0.6824644549763034,0.05687203791469194,-0.8009478672985783,0.07109004739336493,-0.9052132701421801,0.0,0.0,0.0,0.0,0.0,0.0,0.0,0.0,0.0,0.0,0.0,0.0,0.0,0.0,0.0,0.0,0.0,0.0,0.0,0.0,0.0,0.0,0.0,0.0,0.0,0.0,0.0,0.0,0.0,0.0,0.0,0.0
5,0.0,0.0,-0.22380952380952382,-0.01904761904761905,-0.42857142857142855,-0.07142857142857142,-0.5904761904761905,-0.09047619047619047,-0.7238095238095238,-0.07142857142857142,-0.36666666666666664,-0.44761904761904764,-0.5047619047619047,-0.6095238095238096,-0.5904761904761905,-0.7095238095238096,-0.6619047619047619,-0.7952380952380952,-0.2571428571428571,-0.5190476190476191,-0.3523809523809524,-0.7380952380952381,-0.4142857142857143,-0.8761904761904762,-0.4666666666666667,-0.9857142857142858,-0.1380952380952381,-0.5380952380952381,-0.19047619047619047,-0.7571428571428571,-0.22857142857142856,-0.8904761904761904,-0.26666666666666666,-1.0,-0.009523809523809525,-0.5095238095238095,0.023809523809523808,-0.6857142857142857,0.047619047619047616,-0.8047619047619048,0.06190476190476191,-0.9095238095238095,0.0,0.0,0.0,0.0,0.0,0.0,0.0,0.0,0.0,0.0,0.0,0.0,0.0,0.0,0.0,0.0,0.0,0.0,0.0,0.0,0.0,0.0,0.0,0.0,0.0,0.0,0.0,0.0,0.0,0.0,0.0,0.0
18,0.0,0.0,-0.22009569377990432,-0.019138755980861243,-0.41626794258373206,-0.06698564593301436,-0.5789473684210527,-0.0861244019138756,-0.7129186602870813,-0.06698564593301436,-0.3588516746411483,-0.4449760765550239,-0.49760765550239233,-0.6076555023923444,-0.583732057416268,-0.7081339712918661,-0.6555023923444976,-0.7942583732057417,-0.24880382775119617,-0.5119617224880383,-0.3397129186602871,-0.7368421052631579,-0.4019138755980861,-0.8755980861244019,-0.45454545454545453,-0.9808612440191388,-0.1291866028708134,-0.5311004784688995,-0.18181818181818182,-0.7511961722488039,-0.215311004784689,-0.8899521531100478,-0.2535885167464115,-1.0,0.0,-0.507177033492823,0.03349282296650718,-0.6842105263157895,0.05741626794258373,-0.8038277511961722,0.07177033492822966,-0.9090909090909091,0.0,0.0,0.0,0.0,0.0,0.0,0.0,0.0,0.0,0.0,0.0,0.0,0.0,0.0,0.0,0.0,0.0,0.0,0.0,0.0,0.0,0.0,0.0,0.0,0.0,0.0,0.0,0.0,0.0,0.0,0.0,0.0
3,0.0,0.0,-0.22274881516587677,-0.018957345971563982,-0.4218009478672986,-0.07582938388625593,-0.5876777251184834,-0.0995260663507109,-0.7251184834123223,-0.08056872037914692,-0.36492890995260663,-0.45023696682464454,-0.5023696682464455,-0.6113744075829384,-0.5924170616113744,-0.7109004739336493,-0.6587677725118484,-0.7962085308056872,-0.2559241706161137,-0.5165876777251185,-0.35071090047393366,-0.7393364928909952,-0.41232227488151657,-0.8767772511848341,-0.46445497630331756,-0.981042654028436,-0.13744075829383887,-0.5355450236966824,-0.1895734597156398,-0.7535545023696683,-0.22748815165876776,-0.8909952606635071,-0.26540284360189575,-1.0,-0.009478672985781991,-0.5118483412322274,0.023696682464454975,-0.6872037914691943,0.04265402843601896,-0.8056872037914692,0.05687203791469194,-0.9052132701421801,0.0,0.0,0.0,0.0,0.0,0.0,0.0,0.0,0.0,0.0,0.0,0.0,0.0,0.0,0.0,0.0,0.0,0.0,0.0,0.0,0.0,0.0,0.0,0.0,0.0,0.0,0.0,0.0,0.0,0.0,0.0,0.0
18,0.0,0.0,-0.22169811320754718,-0.018867924528301886,-0.419811320754717,-0.07075471698113207,-0.5801886792452831,-0.08962264150943396,-0.7122641509433962,-0.07075471698113207,-0.3632075471698113,-0.4481132075471698,-0.5,-0.6037735849056604,-0.589622641509434,-0.7028301886792453,-0.660377358490566,-0.7877358490566038,-0.25943396226415094,-0.5141509433962265,-0.3490566037735849,-0.7358490566037735,-0.41509433962264153,-0.8726415094339622,-0.4669811320754717,-0.9764150943396226,-0.13679245283018868,-0.5330188679245284,-0.18867924528301888,-0.7547169811320755,-0.23113207547169812,-0.8867924528301887,-0.2688679245283019,-1.0,-0.014150943396226415,-0.5094339622641509,0.018867924528301886,-0.6839622641509434,0.04245283018867924,-0.8018867924528302,0.06132075471698113,-0.9056603773584906,0.0,0.0,0.0,0.0,0.0,0.0,0.0,0.0,0.0,0.0,0.0,0.0,0.0,0.0,0.0,0.0,0.0,0.0,0.0,0.0,0.0,0.0,0.0,0.0,0.0,0.0,0.0,0.0,0.0,0.0,0.0,0.0
5,0.0,0.0,-0.21800947867298578,-0.023696682464454975,-0.4218009478672986,-0.07109004739336493,-0.5829383886255924,-0.0947867298578199,-0.7156398104265402,-0.07582938388625593,-0.36018957345971564,-0.45023696682464454,-0.5023696682464455,-0.6066350710900474,-0.5876777251184834,-0.7061611374407583,-0.6587677725118484,-0.7914691943127962,-0.2559241706161137,-0.5165876777251185,-0.35071090047393366,-0.7393364928909952,-0.41706161137440756,-0.8720379146919431,-0.46919431279620855,-0.976303317535545,-0.13744075829383887,-0.5355450236966824,-0.1895734597156398,-0.7535545023696683,-0.23222748815165878,-0.8862559241706162,-0.27014218009478674,-1.0,-0.014218009478672985,-0.5118483412322274,0.018957345971563982,-0.6872037914691943,0.04265402843601896,-0.8056872037914692,0.061611374407582936,-0.909952606635071,0.0,0.0,0.0,0.0,0.0,0.0,0.0,0.0,0.0,0.0,0.0,0.0,0.0,0.0,0.0,0.0,0.0,0.0,0.0,0.0,0.0,0.0,0.0,0.0,0.0,0.0,0.0,0.0,0.0,0.0,0.0,0.0
-1,0.0,0.0,-0.21904761904761905,-0.01904761904761905,-0.4238095238095238,-0.0761904761904762,-0.5904761904761905,-0.09523809523809523,-0.719047619047619,-0.07142857142857142,-0.36666666666666664,-0.44761904761904764,-0.5095238095238095,-0.6095238095238096,-0.5952380952380952,-0.7047619047619048,-0.6666666666666666,-0.7904761904761904,-0.2619047619047619,-0.5142857142857142,-0.35714285714285715,-0.7380952380952381,-0.4238095238095238,-0.8714285714285714,-0.47619047619047616,-0.9761904761904762,-0.14285714285714285,-0.5333333333333333,-0.19523809523809524,-0.7523809523809524,-0.23333333333333334,-0.8904761904761904,-0.2761904761904762,-1.0,-0.014285714285714285,-0.5095238095238095,0.01904761904761905,-0.6857142857142857,0.0380952380952381,-0.8047619047619048,0.05714285714285714,-0.9095238095238095,0.0,0.0,0.0,0.0,0.0,0.0,0.0,0.0,0.0,0.0,0.0,0.0,0.0,0.0,0.0,0.0,0.0,0.0,0.0,0.0,0.0,0.0,0.0,0.0,0.0,0.0,0.0,0.0,0.0,0.0,0.0,0.0
-1,0.0,0.0,-0.22009569377990432,-0.019138755980861243,-0.4258373205741627,-0.06698564593301436,-0.5885167464114832,-0.0861244019138756,-0.722488038277512,-0.07177033492822966,-0.36363636363636365,-0.44976076555023925,-0.507177033492823,-0.6076555023923444,-0.5933014354066986,-0.7081339712918661,-0.6650717703349283,-0.7894736842105263,-0.2631578947368421,-0.5167464114832536,-0.3588516746411483,-0.7416267942583732,-0.42105263157894735,-0.8755980861244019,-0.47368421052631576,-0.9808612440191388,-0.14354066985645933,-0.5406698564593302,-0.19617224880382775,-0.7559808612440191,-0.23444976076555024,-0.8899521531100478,-0.2727272727272727,-1.0,-0.014354066985645933,-0.5167464114832536,0.019138755980861243,-0.69377990430622,0.0430622009569378,-0.8133971291866029,0.05741626794258373,-0.9186602870813397,0.0,0.0,0.0,0.0,0.0,0.0,0.0,0.0,0.0,0.0,0.0,0.0,0.0,0.0,0.0,0.0,0.0,0.0,0.0,0.0,0.0,0.0,0.0,0.0,0.0,0.0,0.0,0.0,0.0,0.0,0.0,0.0
5,0.0,0.0,-0.21904761904761905,-0.01904761904761905,-0.4238095238095238,-0.07142857142857142,-0.5857142857142857,-0.09047619047619047,-0.719047619047619,-0.07142857142857142,-0.3619047619047619,-0.44761904761904764,-0.5047619047619047,-0.6095238095238096,-0.5904761904761905,-0.7047619047619048,-0.6666666666666666,-0.7904761904761904,-0.2571428571428571,-0.5190476190476191,-0.3523809523809524,-0.7380952380952381,-0.41904761904761906,-0.8761904761904762,-0.4714285714285714,-0.9809523809523809,-0.1380952380952381,-0.5380952380952381,-0.19047619047619047,-0.7571428571428571,-0.23333333333333334,-0.8904761904761904,-0.2714285714285714,-1.0,-0.014285714285714285,-0.5142857142857142,0.023809523809523808,-0.6857142857142857,0.04285714285714286,-0.8047619047619048,0.05714285714285714,-0.9095238095238095,0.0,0.0,0.0,0.0,0.0,0.0,0.0,0.0,0.0,0.0,0.0,0.0,0.0,0.0,0.0,0.0,0.0,0.0,0.0,0.0,0.0,0.0,0.0,0.0,0.0,0.0,0.0,0.0,0.0,0.0,0.0,0.0
4,0.0,0.0,-0.22009569377990432,-0.014354066985645933,-0.4258373205741627,-0.06698564593301436,-0.5885167464114832,-0.0861244019138756,-0.722488038277512,-0.06698564593301436,-0.3684210526315789,-0.4449760765550239,-0.507177033492823,-0.6028708133971292,-0.5980861244019139,-0.6985645933014354,-0.6698564593301436,-0.784688995215311,-0.2631578947368421,-0.5119617224880383,-0.3588516746411483,-0.7320574162679426,-0.4258373205741627,-0.8660287081339713,-0.4784688995215311,-0.9712918660287081,-0.14354066985645933,-0.5311004784688995,-0.19617224880382775,-0.7511961722488039,-0.23923444976076555,-0.8851674641148325,-0.27751196172248804,-1.0,-0.019138755980861243,-0.507177033492823,0.014354066985645933,-0.6794258373205742,0.03827751196172249,-0.7990430622009569,0.05741626794258373,-0.9043062200956937,0.0,0.0,0.0,0.0,0.0,0.0,0.0,0.0,0.0,0.0,0.0,0.0,0.0,0.0,0.0,0.0,0.0,0.0,0.0,0.0,0.0,0.0,0.0,0.0,0.0,0.0,0.0,0.0,0.0,0.0,0.0,0.0
4,0.0,0.0,-0.21904761904761905,-0.01904761904761905,-0.4238095238095238,-0.0761904761904762,-0.5904761904761905,-0.09523809523809523,-0.7238095238095238,-0.08095238095238096,-0.37142857142857144,-0.4523809523809524,-0.5095238095238095,-0.6142857142857143,-0.5952380952380952,-0.7142857142857143,-0.6666666666666666,-0.7952380952380952,-0.2619047619047619,-0.5190476190476191,-0.35714285714285715,-0.7428571428571429,-0.4238095238095238,-0.8761904761904762,-0.47619047619047616,-0.9809523809523809,-0.14285714285714285,-0.5380952380952381,-0.19523809523809524,-0.7571428571428571,-0.23809523809523808,-0.8904761904761904,-0.2761904761904762,-1.0,-0.014285714285714285,-0.5142857142857142,0.014285714285714285,-0.6904761904761905,0.0380952380952381,-0.8095238095238095,0.05238095238095238,-0.9142857142857143,0.0,0.0,0.0,0.0,0.0,0.0,0.0,0.0,0.0,0.0,0.0,0.0,0.0,0.0,0.0,0.0,0.0,0.0,0.0,0.0,0.0,0.0,0.0,0.0,0.0,0.0,0.0,0.0,0.0,0.0,0.0,0.0
5,0.0,0.0,-0.22380952380952382,-0.01904761904761905,-0.42857142857142855,-0.07142857142857142,-0.5952380952380952,-0.09047619047619047,-0.7285714285714285,-0.0761904761904762,-0.36666666666666664,-0.44761904761904764,-0.5095238095238095,-0.6047619047619047,-0.6,-0.7047619047619048,-0.6714285714285714,-0.7857142857142857,-0.2619047619047619,-0.5142857142857142,-0.35714285714285715,-0.7333333333333333,-0.41904761904761906,-0.8714285714285714,-0.47619047619047616,-0.9761904761904762,-0.14285714285714285,-0.5333333333333333,-0.19523809523809524,-0.7523809523809524,-0.23809523809523808,-0.8857142857142857,-0.2761904761904762,-1.0,-0.01904761904761905,-0.5095238095238095,0.014285714285714285,-0.6857142857142857,0.0380952380952381,-0.8047619047619048,0.05714285714285714,-0.9095238095238095,0.0,0.0,0.0,0.0,0.0,0.0,0.0,0.0,0.0,0.0,0.0,0.0,0.0,0.0,0.0,0.0,0.0,0.0,0.0,0.0,0.0,0.0,0.0,0.0,0.0,0.0,0.0,0.0,0.0,0.0,0.0,0.0
-1,0.0,0.0,-0.22274881516587677,-0.023696682464454975,-0.4218009478672986,-0.07109004739336493,-0.5829383886255924,-0.0947867298578199,-0.7156398104265402,-0.08056872037914692,-0.36018957345971564,-0.45023696682464454,-0.5023696682464455,-0.6113744075829384,-0.5924170616113744,-0.7061611374407583,-0.6635071090047393,-0.7914691943127962,-0.2559241706161137,-0.5165876777251185,-0.35071090047393366,-0.7393364928909952,-0.41706161137440756,-0.8767772511848341,-0.47393364928909953,-0.981042654028436,-0.13744075829383887,-0.5355450236966824,-0.1895734597156398,-0.7535545023696683,-0.23222748815165878,-0.8909952606635071,-0.27014218009478674,-1.0,-0.014218009478672985,-0.5118483412322274,0.018957345971563982,-0.6872037914691943,0.04265402843601896,-0.8056872037914692,0.061611374407582936,-0.9052132701421801,0.0,0.0,0.0,0.0,0.0,0.0,0.0,0.0,0.0,0.0,0.0,0.0,0.0,0.0,0.0,0.0,0.0,0.0,0.0,0.0,0.0,0.0,0.0,0.0,0.0,0.0,0.0,0.0,0.0,0.0,0.0,0.0
-1,0.0,0.0,-0.21904761904761905,-0.023809523809523808,-0.4238095238095238,-0.0761904761904762,-0.5904761904761905,-0.09523809523809523,-0.7238095238095238,-0.0761904761904762,-0.36666666666666664,-0.4523809523809524,-0.5047619047619047,-0.6142857142857143,-0.5952380952380952,-0.7095238095238096,-0.6714285714285714,-0.7904761904761904,-0.2619047619047619,-0.5190476190476191,-0.35714285714285715,-0.7428571428571429,-0.4238095238095238,-0.8761904761904762,-0.47619047619047616,-0.9761904761904762,-0.14285714285714285,-0.5380952380952381,-0.19523809523809524,-0.7571428571428571,-0.23809523809523808,-0.8904761904761904,-0.2761904761904762,-1.0,-0.014285714285714285,-0.5142857142857142,0.014285714285714285,-0.6904761904761905,0.0380952380952381,-0.8095238095238095,0.05238095238095238,-0.9142857142857143,0.0,0.0,0.0,0.0,0.0,0.0,0.0,0.0,0.0,0.0,0.0,0.0,0.0,0.0,0.0,0.0,0.0,0.0,0.0,0.0,0.0,0.0,0.0,0.0,0.0,0.0,0.0,0.0,0.0,0.0,0.0,0.0
-1,0.0,0.0,-0.22380952380952382,-0.01904761904761905,-0.4238095238095238,-0.0761904761904762,-0.5904761904761905,-0.09523809523809523,-0.7238095238095238,-0.08095238095238096,-0.3619047619047619,-0.44761904761904764,-0.5047619047619047,-0.6095238095238096,-0.5904761904761905,-0.7095238095238096,-0.6666666666666666,-0.7904761904761904,-0.2619047619047619,-0.5142857142857142,-0.3523809523809524,-0.7380952380952381,-0.41904761904761906,-0.8761904761904762,-0.47619047619047616,-0.9809523809523809,-0.14285714285714285,-0.5333333333333333,-0.19523809523809524,-0.7571428571428571,-0.23809523809523808,-0.8904761904761904,-0.28095238095238095,-1.0,-0.01904761904761905,-0.5095238095238095,0.014285714285714285,-0.6857142857142857,0.0380952380952381,-0.8047619047619048,0.05238095238095238,-0.9095238095238095,0.0,0.0,0.0,0.0,0.0,0.0,0.0,0.0,0.0,0.0,0.0,0.0,0.0,0.0,0.0,0.0,0.0,0.0,0.0,0.0,0.0,0.0,0.0,0.0,0.0,0.0,0.0,0.0,0.0,0.0,0.0,0.0
17,0.0,0.0,-0.22380952380952382,-0.023809523809523808,-0.42857142857142855,-0.07142857142857142,-0.5904761904761905,-0.09047619047619047,-0.719047619047619,-0.07142857142857142,-0.3619047619047619,-0.44285714285714284,-0.5047619047619047,-0.6047619047619047,-0.5952380952380952,-0.7,-0.6714285714285714,-0.7857142857142857,-0.2571428571428571,-0.5095238095238095,-0.35714285714285715,-0.7380952380952381,-0.4238095238095238,-0.8714285714285714,-0.4857142857142857,-0.9761904761904762,-0.14285714285714285,-0.5333333333333333,-0.19523809523809524,-0.7571428571428571,-0.24285714285714285,-0.8904761904761904,-0.2857142857142857,-1.0,-0.01904761904761905,-0.5047619047619047,0.014285714285714285,-0.680952380952381,0.0380952380952381,-0.8047619047619048,0.05238095238095238,-0.9095238095238095,0.0,0.0,0.0,0.0,0.0,0.0,0.0,0.0,0.0,0.0,0.0,0.0,0.0,0.0,0.0,0.0,0.0,0.0,0.0,0.0,0.0,0.0,0.0,0.0,0.0,0.0,0.0,0.0,0.0,0.0,0.0,0.0
-1,0.0,0.0,-0.22857142857142856,-0.01904761904761905,-0.43333333333333335,-0.07142857142857142,-0.5952380952380952,-0.09047619047619047,-0.7285714285714285,-0.0761904761904762,-0.37142857142857144,-0.44761904761904764,-0.5142857142857142,-0.6095238095238096,-0.6,-0.7047619047619048,-0.6761904761904762,-0.7904761904761904,-0.26666666666666666,-0.5142857142857142,-0.3619047619047619,-0.7380952380952381,-0.42857142857142855,-0.8714285714285714,-0.49047619047619045,-0.9809523809523809,-0.14761904761904762,-0.5333333333333333,-0.2,-0.7523809523809524,-0.24761904761904763,-0.8904761904761904,-0.2904761904761905,-1.0,-0.023809523809523808,-0.5095238095238095,0.009523809523809525,-0.6857142857142857,0.03333333333333333,-0.8047619047619048,0.047619047619047616,-0.9047619047619048,0.0,0.0,0.0,0.0,0.0,0.0,0.0,0.0,0.0,0.0,0.0,0.0,0.0,0.0,0.0,0.0,0.0,0.0,0.0,0.0,0.0,0.0,0.0,0.0,0.0,0.0,0.0,0.0,0.0,0.0,0.0,0.0
-1,0.0,0.0,-0.22115384615384615,-0.019230769230769232,-0.4230769230769231,-0.0625,-0.5817307692307693,-0.08653846153846154,-0.7163461538461539,-0.07692307692307693,-0.3605769230769231,-0.4423076923076923,-0.5048076923076923,-0.6057692307692307,-0.5961538461538461,-0.7019230769230769,-0.6730769230769231,-0.7884615384615384,-0.25961538461538464,-0.5096153846153846,-0.3557692307692308,-0.7355769230769231,-0.4230769230769231,-0.8701923076923077,-0.4855769230769231,-0.9807692307692307,-0.13942307692307693,-0.5288461538461539,-0.1971153846153846,-0.7548076923076923,-0.2403846153846154,-0.8894230769230769,-0.28365384615384615,-1.0,-0.009615384615384616,-0.5,0.02403846153846154,-0.6778846153846154,0.04326923076923077,-0.8028846153846154,0.052884615384615384,-0.9086538461538461,0.0,0.0,0.0,0.0,0.0,0.0,0.0,0.0,0.0,0.0,0.0,0.0,0.0,0.0,0.0,0.0,0.0,0.0,0.0,0.0,0.0,0.0,0.0,0.0,0.0,0.0,0.0,0.0,0.0,0.0,0.0,0.0
5,0.0,0.0,-0.21634615384615385,-0.014423076923076924,-0.4230769230769231,-0.0625,-0.5865384615384616,-0.08653846153846154,-0.7211538461538461,-0.07211538461538461,-0.36538461538461536,-0.4375,-0.5048076923076923,-0.6057692307692307,-0.5961538461538461,-0.7019230769230769,-0.6730769230769231,-0.7884615384615384,-0.25961538461538464,-0.5048076923076923,-0.3557692307692308,-0.7355769230769231,-0.4230769230769231,-0.875,-0.4807692307692308,-0.9807692307692307,-0.13942307692307693,-0.5240384615384616,-0.1971153846153846,-0.75,-0.2403846153846154,-0.8894230769230769,-0.28365384615384615,-1.0,-0.004807692307692308,-0.5,0.028846153846153848,-0.6778846153846154,0.052884615384615384,-0.7980769230769231,0.0673076923076923,-0.9038461538461539,0.0,0.0,0.0,0.0,0.0,0.0,0.0,0.0,0.0,0.0,0.0,0.0,0.0,0.0,0.0,0.0,0.0,0.0,0.0,0.0,0.0,0.0,0.0,0.0,0.0,0.0,0.0,0.0,0.0,0.0,0.0,0.0
-1,0.0,0.0,-0.21904761904761905,-0.023809523809523808,-0.4238095238095238,-0.0761904761904762,-0.5857142857142857,-0.1,-0.719047619047619,-0.08571428571428572,-0.36666666666666664,-0.44761904761904764,-0.5047619047619047,-0.6142857142857143,-0.5952380952380952,-0.7142857142857143,-0.6714285714285714,-0.7952380952380952,-0.2619047619047619,-0.5142857142857142,-0.35714285714285715,-0.7428571428571429,-0.4238095238095238,-0.8809523809523809,-0.48095238095238096,-0.9857142857142858,-0.14285714285714285,-0.5285714285714286,-0.19523809523809524,-0.7571428571428571,-0.23809523809523808,-0.8904761904761904,-0.28095238095238095,-1.0,-0.014285714285714285,-0.5,0.023809523809523808,-0.6761904761904762,0.047619047619047616,-0.8,0.06190476190476191,-0.9047619047619048,0.0,0.0,0.0,0.0,0.0,0.0,0.0,0.0,0.0,0.0,0.0,0.0,0.0,0.0,0.0,0.0,0.0,0.0,0.0,0.0,0.0,0.0,0.0,0.0,0.0,0.0,0.0,0.0,0.0,0.0,0.0,0.0
-1,0.0,0.0,-0.21904761904761905,-0.02857142857142857,-0.42857142857142855,-0.08571428571428572,-0.5952380952380952,-0.10952380952380952,-0.7333333333333333,-0.1,-0.36666666666666664,-0.44761904761904764,-0.5095238095238095,-0.6190476190476191,-0.6,-0.719047619047619,-0.6761904761904762,-0.8,-0.2619047619047619,-0.5095238095238095,-0.3619047619047619,-0.7428571428571429,-0.4238095238095238,-0.8809523809523809,-0.47619047619047616,-0.9904761904761905,-0.14285714285714285,-0.5238095238095238,-0.2,-0.7571428571428571,-0.23809523809523808,-0.8904761904761904,-0.2761904761904762,-1.0,-0.014285714285714285,-0.49523809523809526,0.01904761904761905,-0.6761904761904762,0.04285714285714286,-0.8,0.06190476190476191,-0.9047619047619048,0.0,0.0,0.0,0.0,0.0,0.0,0.0,0.0,0.0,0.0,0.0,0.0,0.0,0.0,0.0,0.0,0.0,0.0,0.0,0.0,0.0,0.0,0.0,0.0,0.0,0.0,0.0,0.0,0.0,0.0,0.0,0.0
-1,0.0,0.0,-0.215962441314554,-0.028169014084507043,-0.41784037558685444,-0.0892018779342723,-0.5774647887323944,-0.11737089201877934,-0.7183098591549296,-0.11267605633802817,-0.3568075117370892,-0.4460093896713615,-0.49295774647887325,-0.6150234741784038,-0.5821596244131455,-0.7183098591549296,-0.6619718309859155,-0.8028169014084507,-0.2535211267605634,-0.5117370892018779,-0.3474178403755869,-0.7417840375586855,-0.4084507042253521,-0.8873239436619719,-0.4647887323943662,-1.0,-0.13145539906103287,-0.5258215962441315,-0.1784037558685446,-0.755868544600939,-0.215962441314554,-0.892018779342723,-0.2535211267605634,-1.0,0.0,-0.49765258215962443,0.04225352112676056,-0.6713615023474179,0.06572769953051644,-0.7934272300469484,0.08450704225352113,-0.8967136150234741,0.0,0.0,0.0,0.0,0.0,0.0,0.0,0.0,0.0,0.0,0.0,0.0,0.0,0.0,0.0,0.0,0.0,0.0,0.0,0.0,0.0,0.0,0.0,0.0,0.0,0.0,0.0,0.0,0.0,0.0,0.0,0.0
5,0.0,0.0,-0.21962616822429906,-0.03271028037383177,-0.4252336448598131,-0.102803738317757,-0.5887850467289719,-0.13551401869158877,-0.7242990654205608,-0.1261682242990654,-0.3644859813084112,-0.4532710280373832,-0.5,-0.6214953271028038,-0.5887850467289719,-0.7289719626168224,-0.6635514018691588,-0.8130841121495327,-0.2570093457943925,-0.514018691588785,-0.35046728971962615,-0.7429906542056075,-0.4158878504672897,-0.8878504672897196,-0.4672897196261682,-1.0,-0.13551401869158877,-0.5280373831775701,-0.18691588785046728,-0.7570093457943925,-0.22429906542056074,-0.8925233644859814,-0.2616822429906542,-1.0,0.0,-0.5,0.03271028037383177,-0.677570093457944,0.056074766355140186,-0.794392523364486,0.0794392523364486,-0.897196261682243,0.0,0.0,0.0,0.0,0.0,0.0,0.0,0.0,0.0,0.0,0.0,0.0,0.0,0.0,0.0,0.0,0.0,0.0,0.0,0.0,0.0,0.0,0.0,0.0,0.0,0.0,0.0,0.0,0.0,0.0,0.0,0.0
4,0.0,0.0,-0.21395348837209302,-0.037209302325581395,-0.40930232558139534,-0.10232558139534884,-0.5674418604651162,-0.13953488372093023,-0.7023255813953488,-0.13953488372093023,-0.34418604651162793,-0.4558139534883721,-0.4744186046511628,-0.627906976744186,-0.5581395348837209,-0.7348837209302326,-0.627906976744186,-0.8186046511627907,-0.2372093023255814,-0.5162790697674419,-0.32558139534883723,-0.7488372093023256,-0.386046511627907,-0.8883720930232558,-0.4325581395348837,-1.0,-0.11162790697674418,-0.5302325581395348,-0.16279069767441862,-0.7581395348837209,-0.2,-0.8930232558139535,-0.23255813953488372,-1.0,0.018604651162790697,-0.49767441860465117,0.05581395348837209,-0.6744186046511628,0.08837209302325581,-0.7906976744186046,0.10697674418604651,-0.8930232558139535,0.0,0.0,0.0,0.0,0.0,0.0,0.0,0.0,0.0,0.0,0.0,0.0,0.0,0.0,0.0,0.0,0.0,0.0,0.0,0.0,0.0,0.0,0.0,0.0,0.0,0.0,0.0,0.0,0.0,0.0,0.0,0.0
5,0.0,0.0,-0.2119815668202765,-0.03686635944700461,-0.41013824884792627,-0.10599078341013825,-0.5668202764976958,-0.1382488479262673,-0.7096774193548387,-0.1382488479262673,-0.34101382488479265,-0.4608294930875576,-0.47465437788018433,-0.631336405529954,-0.5622119815668203,-0.7327188940092166,-0.6359447004608295,-0.815668202764977,-0.2350230414746544,-0.5161290322580645,-0.3271889400921659,-0.7465437788018433,-0.391705069124424,-0.8847926267281107,-0.4470046082949309,-1.0,-0.11059907834101383,-0.5253456221198156,-0.16129032258064516,-0.7511520737327189,-0.19815668202764977,-0.8847926267281107,-0.23963133640552994,-1.0,0.013824884792626729,-0.4930875576036866,0.055299539170506916,-0.6682027649769585,0.08294930875576037,-0.783410138248848,0.10138248847926268,-0.8894009216589862,0.0,0.0,0.0,0.0,0.0,0.0,0.0,0.0,0.0,0.0,0.0,0.0,0.0,0.0,0.0,0.0,0.0,0.0,0.0,0.0,0.0,0.0,0.0,0.0,0.0,0.0,0.0,0.0,0.0,0.0,0.0,0.0
-1,0.0,0.0,-0.21559633027522937,-0.04128440366972477,-0.41284403669724773,-0.10550458715596331,-0.5688073394495413,-0.14220183486238533,-0.7064220183486238,-0.15137614678899083,-0.3440366972477064,-0.463302752293578,-0.47706422018348627,-0.6284403669724771,-0.5596330275229358,-0.7293577981651376,-0.6330275229357798,-0.8165137614678899,-0.23394495412844038,-0.518348623853211,-0.3256880733944954,-0.7477064220183486,-0.3853211009174312,-0.8853211009174312,-0.44495412844036697,-0.9954128440366973,-0.11009174311926606,-0.5275229357798165,-0.16055045871559634,-0.7522935779816514,-0.19724770642201836,-0.8853211009174312,-0.23853211009174313,-1.0,0.013761467889908258,-0.4954128440366973,0.05504587155963303,-0.6697247706422018,0.08256880733944955,-0.7844036697247706,0.10091743119266056,-0.8853211009174312,0.0,0.0,0.0,0.0,0.0,0.0,0.0,0.0,0.0,0.0,0.0,0.0,0.0,0.0,0.0,0.0,0.0,0.0,0.0,0.0,0.0,0.0,0.0,0.0,0.0,0.0,0.0,0.0,0.0,0.0,0.0,0.0
5,0.0,0.0,-0.20276497695852536,-0.03686635944700461,-0.4009216589861751,-0.10599078341013825,-0.5622119815668203,-0.14285714285714285,-0.7004608294930875,-0.14746543778801843,-0.34101382488479265,-0.4608294930875576,-0.4700460829493088,-0.6267281105990783,-0.5576036866359447,-0.728110599078341,-0.6267281105990783,-0.815668202764977,-0.2304147465437788,-0.5161290322580645,-0.31797235023041476,-0.7465437788018433,-0.3824884792626728,-0.8847926267281107,-0.4377880184331797,-0.9953917050691244,-0.10599078341013825,-0.5253456221198156,-0.15207373271889402,-0.7465437788018433,-0.1889400921658986,-0.8847926267281107,-0.2304147465437788,-1.0,0.02304147465437788,-0.4930875576036866,0.059907834101382486,-0.663594470046083,0.08755760368663594,-0.7788018433179723,0.10599078341013825,-0.880184331797235,0.0,0.0,0.0,0.0,0.0,0.0,0.0,0.0,0.0,0.0,0.0,0.0,0.0,0.0,0.0,0.0,0.0,0.0,0.0,0.0,0.0,0.0,0.0,0.0,0.0,0.0,0.0,0.0,0.0,0.0,0.0,0.0
-1,0.0,0.0,-0.21296296296296297,-0.041666666666666664,-0.4074074074074074,-0.10648148148148148,-0.5694444444444444,-0.1388888888888889,-0.7129629629629629,-0.14814814814814814,-0.3472222222222222,-0.46296296296296297,-0.48148148148148145,-0.6296296296296297,-0.5694444444444444,-0.7314814814814815,-0.6435185185185185,-0.8148148148148148,-0.2361111111111111,-0.5185185185185185,-0.3287037037037037,-0.75,-0.39814814814814814,-0.8888888888888888,-0.4537037037037037,-0.9953703703703703,-0.11574074074074074,-0.5277777777777778,-0.16203703703703703,-0.75,-0.2037037037037037,-0.8842592592592593,-0.25,-1.0,0.009259259259259259,-0.49537037037037035,0.046296296296296294,-0.6666666666666666,0.07407407407407407,-0.7824074074074074,0.08796296296296297,-0.8842592592592593,0.0,0.0,0.0,0.0,0.0,0.0,0.0,0.0,0.0,0.0,0.0,0.0,0.0,0.0,0.0,0.0,0.0,0.0,0.0,0.0,0.0,0.0,0.0,0.0,0.0,0.0,0.0,0.0,0.0,0.0,0.0,0.0
-1,0.0,0.0,-0.2112676056338028,-0.03755868544600939,-0.4131455399061033,-0.107981220657277,-0.5774647887323944,-0.14084507042253522,-0.7136150234741784,-0.15023474178403756,-0.352112676056338,-0.460093896713615,-0.4835680751173709,-0.6291079812206573,-0.568075117370892,-0.7323943661971831,-0.6431924882629108,-0.8169014084507042,-0.23943661971830985,-0.5164319248826291,-0.3333333333333333,-0.7511737089201878,-0.39906103286384975,-0.892018779342723,-0.460093896713615,-1.0,-0.11737089201877934,-0.5305164319248826,-0.16901408450704225,-0.7511737089201878,-0.2112676056338028,-0.8873239436619719,-0.25821596244131456,-1.0,0.009389671361502348,-0.49765258215962443,0.046948356807511735,-0.6713615023474179,0.07042253521126761,-0.7887323943661971,0.0892018779342723,-0.8967136150234741,0.0,0.0,0.0,0.0,0.0,0.0,0.0,0.0,0.0,0.0,0.0,0.0,0.0,0.0,0.0,0.0,0.0,0.0,0.0,0.0,0.0,0.0,0.0,0.0,0.0,0.0,0.0,0.0,0.0,0.0,0.0,0.0
4,0.0,0.0,-0.21428571428571427,-0.0380952380952381,-0.4238095238095238,-0.10476190476190476,-0.5904761904761905,-0.1380952380952381,-0.7238095238095238,-0.14285714285714285,-0.3523809523809524,-0.45714285714285713,-0.49047619047619045,-0.6285714285714286,-0.5761904761904761,-0.7285714285714285,-0.6523809523809524,-0.8142857142857143,-0.24285714285714285,-0.5142857142857142,-0.3380952380952381,-0.7523809523809524,-0.40476190476190477,-0.8857142857142857,-0.4666666666666667,-0.9952380952380953,-0.12380952380952381,-0.5285714285714286,-0.17142857142857143,-0.7523809523809524,-0.21904761904761905,-0.8857142857142857,-0.26666666666666666,-1.0,0.004761904761904762,-0.5,0.0380952380952381,-0.6761904761904762,0.06190476190476191,-0.7904761904761904,0.0761904761904762,-0.8952380952380953,0.0,0.0,0.0,0.0,0.0,0.0,0.0,0.0,0.0,0.0,0.0,0.0,0.0,0.0,0.0,0.0,0.0,0.0,0.0,0.0,0.0,0.0,0.0,0.0,0.0,0.0,0.0,0.0,0.0,0.0,0.0,0.0
5,0.0,0.0,-0.20673076923076922,-0.038461538461538464,-0.40865384615384615,-0.10576923076923077,-0.5769230769230769,-0.14423076923076922,-0.7115384615384616,-0.14423076923076922,-0.34134615384615385,-0.46153846153846156,-0.47115384615384615,-0.6298076923076923,-0.5576923076923077,-0.7307692307692307,-0.6298076923076923,-0.8173076923076923,-0.23076923076923078,-0.5192307692307693,-0.3269230769230769,-0.7548076923076923,-0.3942307692307692,-0.8942307692307693,-0.4519230769230769,-1.0,-0.11057692307692307,-0.5336538461538461,-0.16346153846153846,-0.7548076923076923,-0.20673076923076922,-0.8894230769230769,-0.2548076923076923,-1.0,0.014423076923076924,-0.5096153846153846,0.052884615384615384,-0.6875,0.07692307692307693,-0.8076923076923077,0.09134615384615384,-0.9134615384615384,0.0,0.0,0.0,0.0,0.0,0.0,0.0,0.0,0.0,0.0,0.0,0.0,0.0,0.0,0.0,0.0,0.0,0.0,0.0,0.0,0.0,0.0,0.0,0.0,0.0,0.0,0.0,0.0,0.0,0.0,0.0,0.0
17,0.0,0.0,-0.20853080568720378,-0.037914691943127965,-0.4028436018957346,-0.10426540284360189,-0.5687203791469194,-0.13270142180094788,-0.7014218009478673,-0.13270142180094788,-0.33649289099526064,-0.46445497630331756,-0.46919431279620855,-0.6303317535545023,-0.5545023696682464,-0.7298578199052133,-0.6303317535545023,-0.8104265402843602,-0.23222748815165878,-0.5213270142180095,-0.3222748815165877,-0.7440758293838863,-0.38388625592417064,-0.8815165876777251,-0.44075829383886256,-0.985781990521327,-0.10900473933649289,-0.5308056872037915,-0.15639810426540285,-0.7535545023696683,-0.1990521327014218,-0.8862559241706162,-0.24644549763033174,-1.0,0.014218009478672985,-0.5023696682464455,0.052132701421800945,-0.6777251184834123,0.07582938388625593,-0.7914691943127962,0.09004739336492891,-0.9004739336492891,0.0,0.0,0.0,0.0,0.0,0.0,0.0,0.0,0.0,0.0,0.0,0.0,0.0,0.0,0.0,0.0,0.0,0.0,0.0,0.0,0.0,0.0,0.0,0.0,0.0,0.0,0.0,0.0,0.0,0.0,0.0,0.0
5,0.0,0.0,-0.21800947867298578,-0.023696682464454975,-0.4218009478672986,-0.08530805687203792,-0.5876777251184834,-0.11848341232227488,-0.7203791469194313,-0.12322274881516587,-0.36492890995260663,-0.4549763033175355,-0.4928909952606635,-0.6255924170616114,-0.5734597156398105,-0.7251184834123223,-0.6492890995260664,-0.8104265402843602,-0.2559241706161137,-0.5165876777251185,-0.33649289099526064,-0.7440758293838863,-0.3933649289099526,-0.8815165876777251,-0.44075829383886256,-0.990521327014218,-0.13270142180094788,-0.5260663507109005,-0.17061611374407584,-0.7535545023696683,-0.1943127962085308,-0.8909952606635071,-0.22274881516587677,-1.0,0.0,-0.4881516587677725,0.037914691943127965,-0.6587677725118484,0.06635071090047394,-0.7725118483412322,0.08530805687203792,-0.8767772511848341,0.0,0.0,0.0,0.0,0.0,0.0,0.0,0.0,0.0,0.0,0.0,0.0,0.0,0.0,0.0,0.0,0.0,0.0,0.0,0.0,0.0,0.0,0.0,0.0,0.0,0.0,0.0,0.0,0.0,0.0,0.0,0.0
-1,0.0,0.0,-0.2413793103448276,0.019704433497536946,-0.4827586206896552,-0.07881773399014778,-0.6748768472906403,-0.13793103448275862,-0.8325123152709359,-0.17733990147783252,-0.4236453201970443,-0.458128078817734,-0.5714285714285714,-0.6600985221674877,-0.6650246305418719,-0.7733990147783252,-0.7487684729064039,-0.8571428571428571,-0.30049261083743845,-0.5172413793103449,-0.4187192118226601,-0.7536945812807881,-0.5073891625615764,-0.8916256157635468,-0.5763546798029556,-1.0,-0.15763546798029557,-0.5123152709359606,-0.2413793103448276,-0.7339901477832512,-0.30049261083743845,-0.8719211822660099,-0.35467980295566504,-0.9901477832512315,-0.009852216748768473,-0.47783251231527096,0.0049261083743842365,-0.645320197044335,0.014778325123152709,-0.7586206896551724,0.014778325123152709,-0.8669950738916257,0.0,0.0,0.0,0.0,0.0,0.0,0.0,0.0,0.0,0.0,0.0,0.0,0.0,0.0,0.0,0.0,0.0,0.0,0.0,0.0,0.0,0.0,0.0,0.0,0.0,0.0,0.0,0.0,0.0,0.0,0.0,0.0
-1,0.0,0.0,-0.2932692307692308,0.019230769230769232,-0.5961538461538461,-0.03365384615384615,-0.8173076923076923,-0.057692307692307696,-0.9711538461538461,-0.07211538461538461,-0.5480769230769231,-0.3798076923076923,-0.7259615384615384,-0.6105769230769231,-0.8173076923076923,-0.7403846153846154,-0.8894230769230769,-0.8365384615384616,-0.38461538461538464,-0.4855769230769231,-0.4951923076923077,-0.7451923076923077,-0.5384615384615384,-0.8894230769230769,-0.5721153846153846,-1.0,-0.21153846153846154,-0.5625,-0.3173076923076923,-0.7788461538461539,-0.3942307692307692,-0.8942307692307693,-0.46153846153846156,-0.9759615384615384,-0.052884615384615384,-0.6153846153846154,-0.125,-0.7980769230769231,-0.1875,-0.9038461538461539,-0.24519230769230768,-0.9759615384615384
-1,0.0,0.0,-0.21621621621621623,-0.0888030888030888,-0.3861003861003861,-0.16602316602316602,-0.5328185328185329,-0.20463320463320464,-0.6293436293436293,-0.2471042471042471,-0.2857142857142857,-0.525096525096525,-0.38223938223938225,-0.6833976833976834,-0.4517374517374517,-0.7876447876447876,-0.5019305019305019,-0.8725868725868726,-0.16988416988416988,-0.5637065637065637,-0.21621621621621623,-0.7799227799227799,-0.2548262548262548,-0.8996138996138996,-0.28185328185328185,-1.0,-0.05791505791505792,-0.5482625482625483,-0.05019305019305019,-0.752895752895753,-0.06563706563706563,-0.8841698841698842,-0.07722007722007722,-0.9922779922779923,0.04633204633204633,-0.4749034749034749,0.10810810810810811,-0.6177606177606177,0.138996138996139,-0.722007722007722,0.16216216216216217,-0.8146718146718147
-1,0.0,0.0,-0.20465116279069767,-0.023255813953488372,-0.386046511627907,-0.09767441860465116,-0.5395348837209303,-0.13023255813953488,-0.6697674418604651,-0.13023255813953488,-0.2837209302325581,-0.4511627906976744,-0.39069767441860465,-0.6325581395348837,-0.4604651162790698,-0.7441860465116279,-0.5209302325581395,-0.8465116279069768,-0.15813953488372093,-0.5023255813953489,-0.20930232558139536,-0.7302325581395349,-0.24186046511627907,-0.8790697674418605,-0.26976744186046514,-1.0,-0.023255813953488372,-0.49767441860465117,-0.023255813953488372,-0.7209302325581395,-0.027906976744186046,-0.8651162790697674,-0.037209302325581395,-0.9813953488372092,0.10232558139534884,-0.4418604651162791,0.17209302325581396,-0.6186046511627907,0.20930232558139536,-0.7302325581395349,0.24186046511627907,-0.8325581395348837
-1,0.0,0.0,-0.2127659574468085,-0.06808510638297872,-0.4085106382978723,-0.15319148936170213,-0.5531914893617021,-0.20425531914893616,-0.6723404255319149,-0.2127659574468085,-0.3148936170212766,-0.5063829787234042,-0.42127659574468085,-0.676595744680851,-0.4851063829787234,-0.774468085106383,-0.5319148936170213,-0.8638297872340426,-0.2,-0.5531914893617021,-0.251063829787234,-0.774468085106383,-0.28085106382978725,-0.8978723404255319,-0.3021276595744681,-1.0,-0.08085106382978724,-0.548936170212766,-0.07659574468085106,-0.7574468085106383,-0.08085106382978724,-0.8765957446808511,-0.08085106382978724,-0.9829787234042553,0.03829787234042553,-0.4978723404255319,0.10212765957446808,-0.6510638297872341,0.14042553191489363,-0.7489361702127659,0.17446808510638298,-0.8425531914893617
-1,0.0,0.0,-0.20982142857142858,-0.05357142857142857,-0.4017857142857143,-0.14285714285714285,-0.5580357142857143,-0.19196428571428573,-0.6830357142857143,-0.19196428571428573,-0.3080357142857143,-0.48214285714285715,-0.41964285714285715,-0.65625,-0.48214285714285715,-0.7589285714285714,-0.5357142857142857,-0.8526785714285714,-0.19196428571428573,-0.53125,-0.25,-0.7589285714285714,-0.2857142857142857,-0.8973214285714286,-0.3125,-1.0,-0.07142857142857142,-0.53125,-0.08035714285714286,-0.7455357142857143,-0.08928571428571429,-0.8794642857142857,-0.09821428571428571,-0.9910714285714286,0.049107142857142856,-0.49107142857142855,0.10714285714285714,-0.6473214285714286,0.14732142857142858,-0.7544642857142857,0.17857142857142858,-0.8526785714285714
-1,0.0,0.0,-0.21524663677130046,-0.04932735426008968,-0.4080717488789238,-0.13004484304932734,-0.5605381165919282,-0.18385650224215247,-0.6905829596412556,-0.19282511210762332,-0.3094170403587444,-0.484304932735426,-0.4260089686098655,-0.6591928251121076,-0.48878923766816146,-0.7623318385650224,-0.5426008968609866,-0.852017937219731,-0.19282511210762332,-0.5381165919282511,-0.2556053811659193,-0.7623318385650224,-0.2914798206278027,-0.8968609865470852,-0.3183856502242152,-1.0,-0.07174887892376682,-0.5381165919282511,-0.08520179372197309,-0.7488789237668162,-0.09417040358744394,-0.8789237668161435,-0.1031390134529148,-0.9865470852017937,0.053811659192825115,-0.4977578475336323,0.10762331838565023,-0.6547085201793722,0.14798206278026907,-0.757847533632287,0.18385650224215247,-0.852017937219731
-1,0.0,0.0,-0.2171945701357466,-0.04524886877828054,-0.4072398190045249,-0.12217194570135746,-0.5610859728506787,-0.17194570135746606,-0.6923076923076923,-0.19004524886877827,-0.31221719457013575,-0.4796380090497738,-0.4253393665158371,-0.6515837104072398,-0.49321266968325794,-0.7601809954751131,-0.5475113122171946,-0.8506787330316742,-0.19457013574660634,-0.5339366515837104,-0.2579185520361991,-0.755656108597285,-0.29411764705882354,-0.8959276018099548,-0.3212669683257919,-1.0,-0.06787330316742081,-0.5339366515837104,-0.08597285067873303,-0.746606334841629,-0.09502262443438914,-0.8778280542986425,-0.10407239819004525,-0.9909502262443439,0.058823529411764705,-0.49321266968325794,0.11312217194570136,-0.6515837104072398,0.15384615384615385,-0.755656108597285,0.19004524886877827,-0.8506787330316742
-1,0.0,0.0,-0.2072072072072072,-0.04504504504504504,-0.3963963963963964,-0.12612612612612611,-0.5495495495495496,-0.17567567567567569,-0.6801801801801802,-0.18468468468468469,-0.30180180180180183,-0.4774774774774775,-0.4144144144144144,-0.6531531531531531,-0.481981981981982,-0.7612612612612613,-0.5405405405405406,-0.8513513513513513,-0.18468468468468469,-0.527027027027027,-0.24774774774774774,-0.7522522522522522,-0.28378378378378377,-0.8963963963963963,-0.3108108108108108,-1.0,-0.06306306306306306,-0.527027027027027,-0.08108108108108109,-0.7432432432432432,-0.09009009009009009,-0.8783783783783784,-0.0990990990990991,-0.9864864864864865,0.06306306306306306,-0.4864864864864865,0.12162162162162163,-0.6441441441441441,0.16216216216216217,-0.7522522522522522,0.1981981981981982,-0.8468468468468469
-1,0.0,0.0,-0.21621621621621623,-0.04504504504504504,-0.4099099099099099,-0.12612612612612611,-0.5630630630630631,-0.17117117117117117,-0.6936936936936937,-0.17567567567567569,-0.3108108108108108,-0.4774774774774775,-0.42792792792792794,-0.6531531531531531,-0.4954954954954955,-0.7567567567567568,-0.5540540540540541,-0.8468468468468469,-0.19369369369369369,-0.5315315315315315,-0.25675675675675674,-0.7522522522522522,-0.2927927927927928,-0.8918918918918919,-0.32432432432432434,-1.0,-0.07207207207207207,-0.527027027027027,-0.09009009009009009,-0.7432432432432432,-0.0990990990990991,-0.8738738738738738,-0.11261261261261261,-0.9864864864864865,0.05405405405405406,-0.481981981981982,0.11261261261261261,-0.6396396396396397,0.15315315315315314,-0.7477477477477478,0.18468468468468469,-0.8423423423423423
-1,0.0,0.0,-0.2088888888888889,-0.04888888888888889,-0.4,-0.1288888888888889,-0.5555555555555556,-0.18222222222222223,-0.6844444444444444,-0.19555555555555557,-0.3022222222222222,-0.47555555555555556,-0.4177777777777778,-0.6488888888888888,-0.4888888888888889,-0.7555555555555555,-0.5466666666666666,-0.8444444444444444,-0.19111111111111112,-0.5288888888888889,-0.24888888888888888,-0.7511111111111111,-0.28888888888888886,-0.8888888888888888,-0.31555555555555553,-1.0,-0.06666666666666667,-0.5288888888888889,-0.08444444444444445,-0.7377777777777778,-0.09777777777777778,-0.8711111111111111,-0.10666666666666667,-0.9822222222222222,0.057777777777777775,-0.48444444444444446,0.1111111111111111,-0.6444444444444445,0.1511111111111111,-0.7466666666666667,0.18666666666666668,-0.84
-1,0.0,0.0,-0.2088888888888889,-0.04888888888888889,-0.4,-0.13333333333333333,-0.5555555555555556,-0.18222222222222223,-0.6844444444444444,-0.19555555555555557,-0.30666666666666664,-0.47555555555555556,-0.4222222222222222,-0.6488888888888888,-0.49333333333333335,-0.7555555555555555,-0.5511111111111111,-0.8444444444444444,-0.19111111111111112,-0.5288888888888889,-0.25333333333333335,-0.7511111111111111,-0.29333333333333333,-0.8933333333333333,-0.3244444444444444,-1.0,-0.07111111111111111,-0.5288888888888889,-0.08888888888888889,-0.7422222222222222,-0.10222222222222223,-0.8755555555555555,-0.11555555555555555,-0.9866666666666667,0.057777777777777775,-0.48444444444444446,0.1111111111111111,-0.6444444444444445,0.1511111111111111,-0.7511111111111111,0.18222222222222223,-0.8488888888888889
0,0.0,0.0,-0.2062780269058296,-0.04035874439461883,-0.40358744394618834,-0.13004484304932734,-0.5605381165919282,-0.18385650224215247,-0.6905829596412556,-0.19730941704035873,-0.30493273542600896,-0.47533632286995514,-0.42152466367713004,-0.6502242152466368,-0.49327354260089684,-0.757847533632287,-0.5560538116591929,-0.8475336322869955,-0.19282511210762332,-0.5246636771300448,-0.2556053811659193,-0.7533632286995515,-0.29596412556053814,-0.8968609865470852,-0.3273542600896861,-1.0,-0.06726457399103139,-0.5291479820627802,-0.09417040358744394,-0.7443946188340808,-0.10762331838565023,-0.8789237668161435,-0.12556053811659193,-0.9865470852017937,0.05829596412556054,-0.48878923766816146,0.11210762331838565,-0.6502242152466368,0.15246636771300448,-0.757847533632287,0.18385650224215247,-0.852017937219731
-1,0.0,0.0,-0.2072072072072072,-0.04054054054054054,-0.4009009009009009,-0.12612612612612611,-0.5540540540540541,-0.18018018018018017,-0.6846846846846847,-0.20270270270270271,-0.30180180180180183,-0.47297297297297297,-0.4144144144144144,-0.6486486486486487,-0.49099099099099097,-0.7567567567567568,-0.5540540540540541,-0.8468468468468469,-0.18468468468468469,-0.5225225225225225,-0.24774774774774774,-0.7522522522522522,-0.2927927927927928,-0.8918918918918919,-0.32432432432432434,-1.0,-0.06306306306306306,-0.5225225225225225,-0.09009009009009009,-0.7432432432432432,-0.1036036036036036,-0.8783783783783784,-0.12162162162162163,-0.990990990990991,0.06306306306306306,-0.481981981981982,0.11711711711711711,-0.6396396396396397,0.15765765765765766,-0.7477477477477478,0.1891891891891892,-0.8468468468468469
-1,0.0,0.0,-0.20535714285714285,-0.04017857142857143,-0.39285714285714285,-0.12946428571428573,-0.5491071428571429,-0.18303571428571427,-0.6785714285714286,-0.20089285714285715,-0.29910714285714285,-0.4732142857142857,-0.41517857142857145,-0.6428571428571429,-0.48660714285714285,-0.75,-0.5491071428571429,-0.84375,-0.1875,-0.5223214285714286,-0.25,-0.75,-0.29017857142857145,-0.8928571428571429,-0.32589285714285715,-1.0,-0.0625,-0.5223214285714286,-0.08928571428571429,-0.7410714285714286,-0.10714285714285714,-0.8705357142857143,-0.125,-0.9866071428571429,0.0625,-0.47767857142857145,0.11607142857142858,-0.6383928571428571,0.15625,-0.7455357142857143,0.1875,-0.84375
0,0.0,0.0,-0.2062780269058296,-0.04035874439461883,-0.40358744394618834,-0.13004484304932734,-0.5560538116591929,-0.18385650224215247,-0.6860986547085202,-0.19730941704035873,-0.30493273542600896,-0.47085201793721976,-0.42152466367713004,-0.6457399103139013,-0.49327354260089684,-0.7488789237668162,-0.5560538116591929,-0.8385650224215246,-0.18834080717488788,-0.5201793721973094,-0.2556053811659193,-0.7488789237668162,-0.29596412556053814,-0.8878923766816144,-0.3273542600896861,-1.0,-0.06726457399103139,-0.5246636771300448,-0.09417040358744394,-0.7399103139013453,-0.11210762331838565,-0.8699551569506726,-0.13004484304932734,-0.9865470852017937,0.05829596412556054,-0.4798206278026906,0.11210762331838565,-0.6367713004484304,0.15246636771300448,-0.7443946188340808,0.18385650224215247,-0.8430493273542601
-1,0.0,0.0,-0.20535714285714285,-0.049107142857142856,-0.4017857142857143,-0.13392857142857142,-0.5535714285714286,-0.19196428571428573,-0.6875,-0.20535714285714285,-0.29910714285714285,-0.4732142857142857,-0.41517857142857145,-0.6428571428571429,-0.49107142857142855,-0.75,-0.5491071428571429,-0.84375,-0.1875,-0.5223214285714286,-0.25,-0.75,-0.29017857142857145,-0.8928571428571429,-0.32589285714285715,-1.0,-0.06696428571428571,-0.5267857142857143,-0.09375,-0.7410714285714286,-0.11160714285714286,-0.875,-0.13392857142857142,-0.9866071428571429,0.0625,-0.48214285714285715,0.11607142857142858,-0.6383928571428571,0.15625,-0.7455357142857143,0.1875,-0.84375
18,0.0,0.0,-0.2062780269058296,-0.04484304932735426,-0.3991031390134529,-0.13004484304932734,-0.5560538116591929,-0.18834080717488788,-0.6816143497757847,-0.20179372197309417,-0.3004484304932735,-0.4663677130044843,-0.4170403587443946,-0.6412556053811659,-0.48878923766816146,-0.7488789237668162,-0.547085201793722,-0.8385650224215246,-0.18385650224215247,-0.515695067264574,-0.25112107623318386,-0.7443946188340808,-0.2914798206278027,-0.8878923766816144,-0.32286995515695066,-1.0,-0.06278026905829596,-0.515695067264574,-0.08968609865470852,-0.7399103139013453,-0.10762331838565023,-0.874439461883408,-0.12556053811659193,-0.9865470852017937,0.06278026905829596,-0.47533632286995514,0.11659192825112108,-0.6367713004484304,0.15695067264573992,-0.7443946188340808,0.19282511210762332,-0.8430493273542601
-1,0.0,0.0,-0.20535714285714285,-0.049107142857142856,-0.39285714285714285,-0.13839285714285715,-0.5446428571428571,-0.19196428571428573,-0.6741071428571429,-0.20535714285714285,-0.29910714285714285,-0.4732142857142857,-0.41517857142857145,-0.6428571428571429,-0.48660714285714285,-0.75,-0.5491071428571429,-0.8392857142857143,-0.1875,-0.5223214285714286,-0.25,-0.75,-0.29017857142857145,-0.8883928571428571,-0.32142857142857145,-1.0,-0.0625,-0.5223214285714286,-0.09375,-0.7410714285714286,-0.11160714285714286,-0.875,-0.12946428571428573,-0.9866071428571429,0.0625,-0.47767857142857145,0.12053571428571429,-0.6383928571428571,0.16071428571428573,-0.7455357142857143,0.19196428571428573,-0.84375
-1,0.0,0.0,-0.20444444444444446,-0.044444444444444446,-0.4,-0.13777777777777778,-0.5511111111111111,-0.19555555555555557,-0.68,-0.21333333333333335,-0.3022222222222222,-0.4711111111111111,-0.4177777777777778,-0.6444444444444445,-0.4888888888888889,-0.7555555555555555,-0.5466666666666666,-0.8444444444444444,-0.18666666666666668,-0.5155555555555555,-0.25333333333333335,-0.7422222222222222,-0.29333333333333333,-0.8888888888888888,-0.3244444444444444,-1.0,-0.06666666666666667,-0.5155555555555555,-0.09777777777777778,-0.7333333333333333,-0.11555555555555555,-0.8711111111111111,-0.13333333333333333,-0.9866666666666667,0.057777777777777775,-0.47555555555555556,0.11555555555555555,-0.6355555555555555,0.15555555555555556,-0.7466666666666667,0.19111111111111112,-0.8444444444444444
-1,0.0,0.0,-0.19823788546255505,-0.048458149779735685,-0.3876651982378855,-0.14537444933920704,-0.5374449339207048,-0.19823788546255505,-0.6651982378854625,-0.21585903083700442,-0.29515418502202645,-0.4713656387665198,-0.4052863436123348,-0.6431718061674009,-0.4801762114537445,-0.7533039647577092,-0.5374449339207048,-0.8414096916299559,-0.18061674008810572,-0.5198237885462555,-0.2422907488986784,-0.7444933920704846,-0.28634361233480177,-0.8854625550660793,-0.31718061674008813,-1.0,-0.05726872246696035,-0.5198237885462555,-0.0881057268722467,-0.73568281938326,-0.10572687224669604,-0.8722466960352423,-0.1277533039647577,-0.986784140969163,0.06607929515418502,-0.47577092511013214,0.12334801762114538,-0.6343612334801763,0.16299559471365638,-0.7444933920704846,0.19823788546255505,-0.8414096916299559
-1,0.0,0.0,-0.19823788546255505,-0.05286343612334802,-0.3876651982378855,-0.14537444933920704,-0.5374449339207048,-0.2026431718061674,-0.6607929515418502,-0.21145374449339208,-0.2907488986784141,-0.47577092511013214,-0.4052863436123348,-0.6475770925110133,-0.47577092511013214,-0.7533039647577092,-0.5330396475770925,-0.8414096916299559,-0.1762114537444934,-0.5198237885462555,-0.2422907488986784,-0.748898678414097,-0.28193832599118945,-0.8898678414096917,-0.31718061674008813,-1.0,-0.05726872246696035,-0.5154185022026432,-0.08370044052863436,-0.73568281938326,-0.10572687224669604,-0.8722466960352423,-0.1277533039647577,-0.9911894273127754,0.07048458149779736,-0.47577092511013214,0.1277533039647577,-0.6343612334801763,0.16740088105726872,-0.7444933920704846,0.19823788546255505,-0.8458149779735683
5,0.0,0.0,-0.19911504424778761,-0.048672566371681415,-0.3893805309734513,-0.14601769911504425,-0.5398230088495575,-0.19911504424778761,-0.6637168141592921,-0.2168141592920354,-0.29646017699115046,-0.47345132743362833,-0.40707964601769914,-0.6504424778761062,-0.4823008849557522,-0.7566371681415929,-0.5398230088495575,-0.8451327433628318,-0.18141592920353983,-0.5221238938053098,-0.24336283185840707,-0.7522123893805309,-0.28761061946902655,-0.8938053097345132,-0.3230088495575221,-1.0,-0.05752212389380531,-0.5221238938053098,-0.08849557522123894,-0.7389380530973452,-0.11061946902654868,-0.8761061946902655,-0.13716814159292035,-0.9911504424778761,0.06637168141592921,-0.4778761061946903,0.12831858407079647,-0.6371681415929203,0.168141592920354,-0.7477876106194691,0.19469026548672566,-0.8495575221238938
-1,0.0,0.0,-0.20353982300884957,-0.048672566371681415,-0.3893805309734513,-0.1415929203539823,-0.5442477876106194,-0.19469026548672566,-0.672566371681416,-0.2079646017699115,-0.29646017699115046,-0.47345132743362833,-0.415929203539823,-0.6460176991150443,-0.48672566371681414,-0.7522123893805309,-0.5486725663716814,-0.8407079646017699,-0.18584070796460178,-0.5221238938053098,-0.252212389380531,-0.7477876106194691,-0.29646017699115046,-0.8893805309734514,-0.33185840707964603,-1.0,-0.06637168141592921,-0.5176991150442478,-0.09734513274336283,-0.7389380530973452,-0.11504424778761062,-0.8716814159292036,-0.1415929203539823,-0.9867256637168141,0.061946902654867256,-0.47345132743362833,0.11946902654867257,-0.6371681415929203,0.1592920353982301,-0.7477876106194691,0.1902654867256637,-0.8495575221238938
3,0.0,0.0,-0.19823788546255505,-0.048458149779735685,-0.3832599118942731,-0.14096916299559473,-0.5374449339207048,-0.19383259911894274,-0.6696035242290749,-0.21145374449339208,-0.29955947136563876,-0.4713656387665198,-0.40969162995594716,-0.6431718061674009,-0.4845814977973568,-0.748898678414097,-0.5462555066079295,-0.8414096916299559,-0.18502202643171806,-0.5198237885462555,-0.2511013215859031,-0.7444933920704846,-0.2907488986784141,-0.8854625550660793,-0.3303964757709251,-1.0,-0.06607929515418502,-0.5154185022026432,-0.09691629955947137,-0.73568281938326,-0.11894273127753303,-0.8678414096916299,-0.14096916299559473,-0.9823788546255506,0.06167400881057269,-0.4713656387665198,0.11894273127753303,-0.6343612334801763,0.15418502202643172,-0.7400881057268722,0.1894273127753304,-0.8414096916299559
-1,0.0,0.0,-0.19823788546255505,-0.048458149779735685,-0.3832599118942731,-0.14537444933920704,-0.5286343612334802,-0.2026431718061674,-0.6607929515418502,-0.21585903083700442,-0.29515418502202645,-0.47577092511013214,-0.40969162995594716,-0.6475770925110133,-0.4801762114537445,-0.7533039647577092,-0.5418502202643172,-0.8414096916299559,-0.18502202643171806,-0.5198237885462555,-0.24669603524229075,-0.748898678414097,-0.28634361233480177,-0.8898678414096917,-0.32158590308370044,-1.0,-0.06167400881057269,-0.5154185022026432,-0.0881057268722467,-0.73568281938326,-0.11013215859030837,-0.8722466960352423,-0.13215859030837004,-0.9823788546255506,0.06607929515418502,-0.4669603524229075,0.1277533039647577,-0.6299559471365639,0.16740088105726872,-0.7400881057268722,0.19823788546255505,-0.8414096916299559
5,0.0,0.0,-0.19736842105263158,-0.05263157894736842,-0.3815789473684211,-0.15350877192982457,-0.5307017543859649,-0.20614035087719298,-0.6622807017543859,-0.21929824561403508,-0.29385964912280704,-0.4780701754385965,-0.40350877192982454,-0.6535087719298246,-0.47368421052631576,-0.7587719298245614,-0.5350877192982456,-0.8464912280701754,-0.17543859649122806,-0.5175438596491229,-0.23684210526315788,-0.75,-0.27631578947368424,-0.8903508771929824,-0.3157894736842105,-1.0,-0.05263157894736842,-0.5131578947368421,-0.07894736842105263,-0.7324561403508771,-0.09649122807017543,-0.868421052631579,-0.12280701754385964,-0.9824561403508771,0.07456140350877193,-0.4605263157894737,0.13596491228070176,-0.618421052631579,0.17543859649122806,-0.7324561403508771,0.20614035087719298,-0.8289473684210527
3,0.0,0.0,-0.1965065502183406,-0.05240174672489083,-0.38427947598253276,-0.14847161572052403,-0.537117903930131,-0.2052401746724891,-0.6724890829694323,-0.2183406113537118,-0.29694323144104806,-0.47161572052401746,-0.40611353711790393,-0.6462882096069869,-0.48034934497816595,-0.7510917030567685,-0.5414847161572053,-0.8427947598253275,-0.18340611353711792,-0.5152838427947598,-0.2445414847161572,-0.74235807860262,-0.28820960698689957,-0.8864628820960698,-0.32751091703056767,-1.0,-0.0611353711790393,-0.5109170305676856,-0.08733624454148471,-0.7292576419213974,-0.1091703056768559,-0.8646288209606987,-0.13537117903930132,-0.982532751091703,0.06550218340611354,-0.4585152838427948,0.12663755458515283,-0.6200873362445415,0.16593886462882096,-0.7292576419213974,0.20087336244541484,-0.8296943231441049
5,0.0,0.0,-0.1956521739130435,-0.04782608695652174,-0.3782608695652174,-0.14782608695652175,-0.5304347826086957,-0.20434782608695654,-0.6608695652173913,-0.2217391304347826,-0.2956521739130435,-0.46956521739130436,-0.4043478260869565,-0.6478260869565218,-0.47391304347826085,-0.7521739130434782,-0.5347826086956522,-0.8434782608695652,-0.1826086956521739,-0.5130434782608696,-0.24347826086956523,-0.7434782608695653,-0.2826086956521739,-0.8869565217391304,-0.3217391304347826,-1.0,-0.06086956521739131,-0.508695652173913,-0.08695652173913043,-0.7260869565217392,-0.10869565217391304,-0.8652173913043478,-0.13043478260869565,-0.9782608695652174,0.06521739130434782,-0.4608695652173913,0.12608695652173912,-0.6173913043478261,0.16956521739130434,-0.7260869565217392,0.20434782608695654,-0.8260869565217391
-1,0.0,0.0,-0.1956521739130435,-0.04782608695652174,-0.3782608695652174,-0.14782608695652175,-0.5304347826086957,-0.20434782608695654,-0.6652173913043479,-0.22608695652173913,-0.2956521739130435,-0.46956521739130436,-0.4,-0.6478260869565218,-0.46956521739130436,-0.7521739130434782,-0.5304347826086957,-0.8434782608695652,-0.1782608695652174,-0.5130434782608696,-0.2391304347826087,-0.7434782608695653,-0.2782608695652174,-0.8869565217391304,-0.3173913043478261,-1.0,-0.05652173913043478,-0.508695652173913,-0.08260869565217391,-0.7304347826086957,-0.10434782608695652,-0.8652173913043478,-0.13043478260869565,-0.9782608695652174,0.06956521739130435,-0.45652173913043476,0.13478260869565217,-0.6173913043478261,0.1782608695652174,-0.7260869565217392,0.20869565217391303,-0.8260869565217391
2,0.0,0.0,-0.1965065502183406,-0.05240174672489083,-0.388646288209607,-0.15283842794759825,-0.5414847161572053,-0.2096069868995633,-0.6724890829694323,-0.22707423580786026,-0.29694323144104806,-0.47161572052401746,-0.40611353711790393,-0.6462882096069869,-0.47161572052401746,-0.7510917030567685,-0.5327510917030568,-0.8427947598253275,-0.18340611353711792,-0.5152838427947598,-0.24017467248908297,-0.74235807860262,-0.2838427947598253,-0.8864628820960698,-0.31877729257641924,-1.0,-0.0611353711790393,-0.5109170305676856,-0.08296943231441048,-0.7292576419213974,-0.10480349344978165,-0.8646288209606987,-0.13100436681222707,-0.9781659388646288,0.06550218340611354,-0.462882096069869,0.13100436681222707,-0.6200873362445415,0.17467248908296942,-0.7292576419213974,0.2096069868995633,-0.8253275109170306
-1,0.0,0.0,-0.19130434782608696,-0.05217391304347826,-0.3782608695652174,-0.15217391304347827,-0.5304347826086957,-0.20869565217391303,-0.6565217391304348,-0.22608695652173913,-0.29130434782608694,-0.46956521739130436,-0.39565217391304347,-0.6434782608695652,-0.4652173913043478,-0.7521739130434782,-0.5260869565217391,-0.8434782608695652,-0.17391304347826086,-0.5130434782608696,-0.23478260869565218,-0.7434782608695653,-0.2782608695652174,-0.8869565217391304,-0.3173913043478261,-1.0,-0.05217391304347826,-0.508695652173913,-0.0782608695652174,-0.7260869565217392,-0.1,-0.8608695652173913,-0.12608695652173912,-0.9782608695652174,0.07391304347826087,-0.4608695652173913,0.13478260869565217,-0.6217391304347826,0.1782608695652174,-0.7304347826086957,0.21304347826086956,-0.8260869565217391
2,0.0,0.0,-0.1965065502183406,-0.048034934497816595,-0.38427947598253276,-0.14847161572052403,-0.537117903930131,-0.2052401746724891,-0.6681222707423581,-0.22707423580786026,-0.30131004366812225,-0.47161572052401746,-0.4104803493449782,-0.6506550218340611,-0.4759825327510917,-0.7554585152838428,-0.537117903930131,-0.8471615720524017,-0.18340611353711792,-0.5152838427947598,-0.2445414847161572,-0.74235807860262,-0.2838427947598253,-0.8864628820960698,-0.3231441048034934,-1.0,-0.0611353711790393,-0.5065502183406113,-0.08733624454148471,-0.7248908296943232,-0.1091703056768559,-0.8646288209606987,-0.13537117903930132,-0.9781659388646288,0.06550218340611354,-0.4585152838427948,0.13100436681222707,-0.6157205240174672,0.17467248908296942,-0.7248908296943232,0.2096069868995633,-0.8253275109170306
21,0.0,0.0,-0.19213973799126638,-0.056768558951965066,-0.3799126637554585,-0.15283842794759825,-0.5283842794759825,-0.2052401746724891,-0.6593886462882096,-0.22707423580786026,-0.2925764192139738,-0.4759825327510917,-0.3930131004366812,-0.6506550218340611,-0.462882096069869,-0.7554585152838428,-0.5240174672489083,-0.8471615720524017,-0.17467248908296942,-0.5152838427947598,-0.2314410480349345,-0.7467248908296943,-0.27510917030567683,-0.8908296943231441,-0.314410480349345,-1.0,-0.05240174672489083,-0.5109170305676856,-0.07423580786026202,-0.7248908296943232,-0.09606986899563319,-0.8646288209606987,-0.1222707423580786,-0.982532751091703,0.07423580786026202,-0.4585152838427948,0.13973799126637554,-0.6157205240174672,0.18340611353711792,-0.7248908296943232,0.2183406113537118,-0.8209606986899564
2,0.0,0.0,-0.1956521739130435,-0.05652173913043478,-0.3782608695652174,-0.1565217391304348,-0.5347826086956522,-0.21304347826086956,-0.6652173913043479,-0.23043478260869565,-0.3,-0.47391304347826085,-0.40869565217391307,-0.6478260869565218,-0.4782608695652174,-0.7565217391304347,-0.5347826086956522,-0.8478260869565217,-0.1826086956521739,-0.5173913043478261,-0.24347826086956523,-0.7434782608695653,-0.28695652173913044,-0.8869565217391304,-0.3217391304347826,-1.0,-0.06086956521739131,-0.508695652173913,-0.08695652173913043,-0.7260869565217392,-0.10869565217391304,-0.8652173913043478,-0.13478260869565217,-0.9826086956521739,0.06521739130434782,-0.4608695652173913,0.13043478260869565,-0.6173913043478261,0.17391304347826086,-0.7260869565217392,0.20869565217391303,-0.8260869565217391
21,0.0,0.0,-0.18777292576419213,-0.056768558951965066,-0.37554585152838427,-0.14847161572052403,-0.5283842794759825,-0.20087336244541484,-0.6593886462882096,-0.2183406113537118,-0.2925764192139738,-0.4672489082969432,-0.39737991266375544,-0.6419213973799127,-0.462882096069869,-0.7467248908296943,-0.5240174672489083,-0.8384279475982532,-0.17467248908296942,-0.5109170305676856,-0.2314410480349345,-0.74235807860262,-0.27510917030567683,-0.8820960698689956,-0.31004366812227074,-1.0,-0.048034934497816595,-0.5021834061135371,-0.07423580786026202,-0.7205240174672489,-0.09606986899563319,-0.8558951965065502,-0.11790393013100436,-0.9737991266375546,0.07423580786026202,-0.4497816593886463,0.13973799126637554,-0.6069868995633187,0.18340611353711792,-0.7161572052401747,0.2183406113537118,-0.8165938864628821
-1,0.0,0.0,-0.1965065502183406,-0.056768558951965066,-0.3799126637554585,-0.15283842794759825,-0.5327510917030568,-0.2096069868995633,-0.6637554585152838,-0.22707423580786026,-0.2925764192139738,-0.4672489082969432,-0.39737991266375544,-0.6462882096069869,-0.4672489082969432,-0.7510917030567685,-0.5283842794759825,-0.8427947598253275,-0.17903930131004367,-0.5109170305676856,-0.23580786026200873,-0.7379912663755459,-0.27510917030567683,-0.8864628820960698,-0.314410480349345,-1.0,-0.05240174672489083,-0.5021834061135371,-0.07860262008733625,-0.7205240174672489,-0.10043668122270742,-0.8558951965065502,-0.1222707423580786,-0.9737991266375546,0.07423580786026202,-0.4497816593886463,0.13973799126637554,-0.6069868995633187,0.17903930131004367,-0.7161572052401747,0.21397379912663755,-0.8165938864628821
21,0.0,0.0,-0.20175438596491227,-0.05263157894736842,-0.38596491228070173,-0.14912280701754385,-0.5394736842105263,-0.20614035087719298,-0.6710526315789473,-0.2236842105263158,-0.3026315789473684,-0.4692982456140351,-0.40350877192982454,-0.6447368421052632,-0.47368421052631576,-0.7543859649122807,-0.5350877192982456,-0.8421052631578947,-0.18421052631578946,-0.5087719298245614,-0.23684210526315788,-0.7412280701754386,-0.27631578947368424,-0.8859649122807017,-0.31140350877192985,-1.0,-0.05263157894736842,-0.4956140350877193,-0.07456140350877193,-0.7192982456140351,-0.09649122807017543,-0.8552631578947368,-0.11842105263157894,-0.9692982456140351,0.07456140350877193,-0.43859649122807015,0.14035087719298245,-0.6008771929824561,0.17982456140350878,-0.7105263157894737,0.2149122807017544,-0.8114035087719298
-1,0.0,0.0,-0.19213973799126638,-0.05240174672489083,-0.3624454148471616,-0.14410480349344978,-0.5065502183406113,-0.20087336244541484,-0.6375545851528385,-0.22270742358078602,-0.27510917030567683,-0.4585152838427948,-0.37117903930131,-0.6419213973799127,-0.4410480349344978,-0.7467248908296943,-0.5021834061135371,-0.8427947598253275,-0.15283842794759825,-0.4978165938864629,-0.20087336244541484,-0.7336244541484717,-0.24017467248908297,-0.8820960698689956,-0.27074235807860264,-1.0,-0.021834061135371178,-0.48034934497816595,-0.034934497816593885,-0.6986899563318777,-0.056768558951965066,-0.8384279475982532,-0.07860262008733625,-0.9563318777292577,0.11790393013100436,-0.4192139737991266,0.18777292576419213,-0.5764192139737991,0.22707423580786026,-0.6855895196506551,0.26200873362445415,-0.7860262008733624
3,0.0,0.0,-0.2028301886792453,-0.009433962264150943,-0.4056603773584906,-0.0660377358490566,-0.5849056603773585,-0.09905660377358491,-0.7358490566037735,-0.15566037735849056,-0.32075471698113206,-0.4339622641509434,-0.42452830188679247,-0.6320754716981132,-0.5047169811320755,-0.75,-0.5754716981132075,-0.8537735849056604,-0.1792452830188679,-0.4858490566037736,-0.23113207547169812,-0.7264150943396226,-0.2830188679245283,-0.8773584905660378,-0.32547169811320753,-1.0,-0.0330188679245283,-0.47641509433962265,-0.05188679245283019,-0.6933962264150944,-0.08490566037735849,-0.8301886792452831,-0.1179245283018868,-0.9433962264150944,0.10377358490566038,-0.42924528301886794,0.08962264150943396,-0.6179245283018868,0.07075471698113207,-0.7405660377358491,0.04716981132075472,-0.839622641509434
3,0.0,0.0,-0.22842639593908629,0.0,-0.49746192893401014,-0.030456852791878174,-0.7360406091370558,-0.05583756345177665,-0.9137055837563451,-0.08629441624365482,-0.41624365482233505,-0.39593908629441626,-0.5431472081218274,-0.6040609137055838,-0.6294416243654822,-0.7461928934010152,-0.6954314720812182,-0.8477157360406091,-0.27411167512690354,-0.4720812182741117,-0.3197969543147208,-0.7208121827411168,-0.3756345177664975,-0.883248730964467,-0.41624365482233505,-1.0,-0.1319796954314721,-0.49746192893401014,-0.17766497461928935,-0.7258883248730964,-0.23857868020304568,-0.868020304568528,-0.29949238578680204,-0.9746192893401016,0.005076142131979695,-0.49238578680203043,-0.025380710659898477,-0.6751269035532995,-0.07614213197969544,-0.7918781725888325,-0.12690355329949238,-0.8781725888324873
